id,smg,token_name,token_pair_id,from_chain,to_chain,bridge_type,from_coin_decimals,required_native_coin(wei),to_address,from_chain_slip44_id,to_chain_slip44_id,from_token_address,to_token_address,from_token_decimals,to_token_decimals,network_fee,network_fee_asset,minServiceFee(wei),cross_amount(eth)
1,0x000000000000000000000000000000000000000000746573746e65745f303836,USDT,851,Solana,Wanchain,USER_TOKEN_LOCK,9,,0x8b157B3fFEAD48C8a4CDC6bddBE1C1D170049Da4,0x800001f5,0x8057414e,0x6f3578617171325476585635733866626673717065634a7441416967704b424634456d4d614b6861726a58,0x3d5950287b45f361774e5fb6e50d70eea06bc167,6,6,10200000,SOL,0,0.00001
2,0x000000000000000000000000000000000000000000746573746e65745f303836,WAN,844,Solana,Wanchain,USER_TOKEN_BURN,9,,0x8b157B3fFEAD48C8a4CDC6bddBE1C1D170049Da4,0x800001f5,0x8057414e,0x42516951764135436a337374697146767479646d43353537466a59445a464d59446b52526f54366b6b434368,0x0000000000000000000000000000000000000000,9,18,10200000,SOL,0,0.00000001
